"GEO_ID","NAME","B99241_001E","B99241_002E","B99241_003E",
"Geography","Geographic Area Name","Estimate!!Total","Estimate!!Total!!Allocated","Estimate!!Total!!Not Allocated",
"1500000US150010201001","Block Group 1, Census Tract 201, Hawaii County, Hawaii","618","22","596",
"1500000US150010201002","Block Group 2, Census Tract 201, Hawaii County, Hawaii","412","3","409",
"1500000US150010201003","Block Group 3, Census Tract 201, Hawaii County, Hawaii","420","7","413",
"1500000US150010201004","Block Group 4, Census Tract 201, Hawaii County, Hawaii","434","34","400",
"1500000US150010202021","Block Group 1, Census Tract 202.02, Hawaii County, Hawaii","153","29","124",
"1500000US150010202022","Block Group 2, Census Tract 202.02, Hawaii County, Hawaii","442","31","411",
"1500000US150010203001","Block Group 1, Census Tract 203, Hawaii County, Hawaii","392","0","392",
"1500000US150010203002","Block Group 2, Census Tract 203, Hawaii County, Hawaii","538","0","538",
"1500000US150010203003","Block Group 3, Census Tract 203, Hawaii County, Hawaii","798","74","724",
"1500000US150010204001","Block Group 1, Census Tract 204, Hawaii County, Hawaii","424","22","402",
"1500000US150010204002","Block Group 2, Census Tract 204, Hawaii County, Hawaii","204","67","137",
"1500000US150010204003","Block Group 3, Census Tract 204, Hawaii County, Hawaii","607","83","524",
"1500000US150010204004","Block Group 4, Census Tract 204, Hawaii County, Hawaii","287","79","208",
"1500000US150010205001","Block Group 1, Census Tract 205, Hawaii County, Hawaii","469","48","421",
"1500000US150010205002","Block Group 2, Census Tract 205, Hawaii County, Hawaii","200","48","152",
"1500000US150010205003","Block Group 3, Census Tract 205, Hawaii County, Hawaii","339","72","267",
"1500000US150010205004","Block Group 4, Census Tract 205, Hawaii County, Hawaii","725","10","715",
"1500000US150010205005","Block Group 5, Census Tract 205, Hawaii County, Hawaii","624","131","493",
"1500000US150010206001","Block Group 1, Census Tract 206, Hawaii County, Hawaii","273","8","265",
"1500000US150010206002","Block Group 2, Census Tract 206, Hawaii County, Hawaii","589","79","510",
"1500000US150010206003","Block Group 3, Census Tract 206, Hawaii County, Hawaii","426","61","365",
"1500000US150010206004","Block Group 4, Census Tract 206, Hawaii County, Hawaii","1263","104","1159",
"1500000US150010207011","Block Group 1, Census Tract 207.01, Hawaii County, Hawaii","601","22","579",
"1500000US150010207012","Block Group 2, Census Tract 207.01, Hawaii County, Hawaii","749","30","719",
"1500000US150010207013","Block Group 3, Census Tract 207.01, Hawaii County, Hawaii","528","45","483",
"1500000US150010207021","Block Group 1, Census Tract 207.02, Hawaii County, Hawaii","626","45","581",
"1500000US150010207022","Block Group 2, Census Tract 207.02, Hawaii County, Hawaii","1203","48","1155",
"1500000US150010207023","Block Group 3, Census Tract 207.02, Hawaii County, Hawaii","703","54","649",
"1500000US150010208011","Block Group 1, Census Tract 208.01, Hawaii County, Hawaii","1509","144","1365",
"1500000US150010208012","Block Group 2, Census Tract 208.01, Hawaii County, Hawaii","781","115","666",
"1500000US150010208021","Block Group 1, Census Tract 208.02, Hawaii County, Hawaii","543","12","531",
"1500000US150010208022","Block Group 2, Census Tract 208.02, Hawaii County, Hawaii","1420","121","1299",
"1500000US150010208023","Block Group 3, Census Tract 208.02, Hawaii County, Hawaii","149","35","114",
"1500000US150010208024","Block Group 4, Census Tract 208.02, Hawaii County, Hawaii","1217","75","1142",
"1500000US150010209001","Block Group 1, Census Tract 209, Hawaii County, Hawaii","350","51","299",
"1500000US150010209002","Block Group 2, Census Tract 209, Hawaii County, Hawaii","329","47","282",
"1500000US150010209003","Block Group 3, Census Tract 209, Hawaii County, Hawaii","1158","147","1011",
"1500000US150010210031","Block Group 1, Census Tract 210.03, Hawaii County, Hawaii","933","33","900",
"1500000US150010210032","Block Group 2, Census Tract 210.03, Hawaii County, Hawaii","525","68","457",
"1500000US150010210033","Block Group 3, Census Tract 210.03, Hawaii County, Hawaii","1077","99","978",
"1500000US150010210051","Block Group 1, Census Tract 210.05, Hawaii County, Hawaii","749","92","657",
"1500000US150010210052","Block Group 2, Census Tract 210.05, Hawaii County, Hawaii","707","74","633",
"1500000US150010210053","Block Group 3, Census Tract 210.05, Hawaii County, Hawaii","2013","213","1800",
"1500000US150010210054","Block Group 4, Census Tract 210.05, Hawaii County, Hawaii","644","0","644",
"1500000US150010210101","Block Group 1, Census Tract 210.10, Hawaii County, Hawaii","1184","4","1180",
"1500000US150010210102","Block Group 2, Census Tract 210.10, Hawaii County, Hawaii","762","59","703",
"1500000US150010210103","Block Group 3, Census Tract 210.10, Hawaii County, Hawaii","1037","154","883",
"1500000US150010210111","Block Group 1, Census Tract 210.11, Hawaii County, Hawaii","1040","14","1026",
"1500000US150010210112","Block Group 2, Census Tract 210.11, Hawaii County, Hawaii","727","100","627",
"1500000US150010210131","Block Group 1, Census Tract 210.13, Hawaii County, Hawaii","474","38","436",
"1500000US150010210132","Block Group 2, Census Tract 210.13, Hawaii County, Hawaii","825","28","797",
"1500000US150010210133","Block Group 3, Census Tract 210.13, Hawaii County, Hawaii","1141","159","982",
"1500000US150010211011","Block Group 1, Census Tract 211.01, Hawaii County, Hawaii","964","99","865",
"1500000US150010211012","Block Group 2, Census Tract 211.01, Hawaii County, Hawaii","75","24","51",
"1500000US150010211061","Block Group 1, Census Tract 211.06, Hawaii County, Hawaii","198","42","156",
"1500000US150010211062","Block Group 2, Census Tract 211.06, Hawaii County, Hawaii","674","133","541",
"1500000US150010211063","Block Group 3, Census Tract 211.06, Hawaii County, Hawaii","1064","50","1014",
"1500000US150010211064","Block Group 4, Census Tract 211.06, Hawaii County, Hawaii","709","40","669",
"1500000US150010212021","Block Group 1, Census Tract 212.02, Hawaii County, Hawaii","780","41","739",
"1500000US150010212022","Block Group 2, Census Tract 212.02, Hawaii County, Hawaii","1259","198","1061",
"1500000US150010212023","Block Group 3, Census Tract 212.02, Hawaii County, Hawaii","434","5","429",
"1500000US150010212024","Block Group 4, Census Tract 212.02, Hawaii County, Hawaii","372","7","365",
"1500000US150010213001","Block Group 1, Census Tract 213, Hawaii County, Hawaii","1298","127","1171",
"1500000US150010213002","Block Group 2, Census Tract 213, Hawaii County, Hawaii","1331","93","1238",
"1500000US150010213003","Block Group 3, Census Tract 213, Hawaii County, Hawaii","398","62","336",
"1500000US150010214021","Block Group 1, Census Tract 214.02, Hawaii County, Hawaii","704","46","658",
"1500000US150010214022","Block Group 2, Census Tract 214.02, Hawaii County, Hawaii","274","50","224",
"1500000US150010214023","Block Group 3, Census Tract 214.02, Hawaii County, Hawaii","911","121","790",
"1500000US150010215021","Block Group 1, Census Tract 215.02, Hawaii County, Hawaii","1498","193","1305",
"1500000US150010215022","Block Group 2, Census Tract 215.02, Hawaii County, Hawaii","666","120","546",
"1500000US150010215041","Block Group 1, Census Tract 215.04, Hawaii County, Hawaii","1641","102","1539",
"1500000US150010215042","Block Group 2, Census Tract 215.04, Hawaii County, Hawaii","786","66","720",
"1500000US150010215071","Block Group 1, Census Tract 215.07, Hawaii County, Hawaii","2727","246","2481",
"1500000US150010215072","Block Group 2, Census Tract 215.07, Hawaii County, Hawaii","423","28","395",
"1500000US150010215073","Block Group 3, Census Tract 215.07, Hawaii County, Hawaii","2272","189","2083",
"1500000US150010215091","Block Group 1, Census Tract 215.09, Hawaii County, Hawaii","483","30","453",
"1500000US150010215092","Block Group 2, Census Tract 215.09, Hawaii County, Hawaii","905","66","839",
"1500000US150010215093","Block Group 3, Census Tract 215.09, Hawaii County, Hawaii","679","91","588",
"1500000US150010216011","Block Group 1, Census Tract 216.01, Hawaii County, Hawaii","623","135","488",
"1500000US150010216012","Block Group 2, Census Tract 216.01, Hawaii County, Hawaii","1080","61","1019",
"1500000US150010216013","Block Group 3, Census Tract 216.01, Hawaii County, Hawaii","961","36","925",
"1500000US150010216014","Block Group 4, Census Tract 216.01, Hawaii County, Hawaii","637","35","602",
"1500000US150010216015","Block Group 5, Census Tract 216.01, Hawaii County, Hawaii","1404","49","1355",
"1500000US150010216041","Block Group 1, Census Tract 216.04, Hawaii County, Hawaii","109","0","109",
"1500000US150010216042","Block Group 2, Census Tract 216.04, Hawaii County, Hawaii","1146","176","970",
"1500000US150010216043","Block Group 3, Census Tract 216.04, Hawaii County, Hawaii","370","83","287",
"1500000US150010216044","Block Group 4, Census Tract 216.04, Hawaii County, Hawaii","1364","220","1144",
"1500000US150010216045","Block Group 5, Census Tract 216.04, Hawaii County, Hawaii","806","123","683",
"1500000US150010217021","Block Group 1, Census Tract 217.02, Hawaii County, Hawaii","1886","104","1782",
"1500000US150010217022","Block Group 2, Census Tract 217.02, Hawaii County, Hawaii","1452","81","1371",
"1500000US150010217023","Block Group 3, Census Tract 217.02, Hawaii County, Hawaii","2408","153","2255",
"1500000US150010217041","Block Group 1, Census Tract 217.04, Hawaii County, Hawaii","502","27","475",
"1500000US150010217042","Block Group 2, Census Tract 217.04, Hawaii County, Hawaii","811","87","724",
"1500000US150010217043","Block Group 3, Census Tract 217.04, Hawaii County, Hawaii","960","69","891",
"1500000US150010217044","Block Group 4, Census Tract 217.04, Hawaii County, Hawaii","1421","139","1282",
"1500000US150010218001","Block Group 1, Census Tract 218, Hawaii County, Hawaii","676","25","651",
"1500000US150010218002","Block Group 2, Census Tract 218, Hawaii County, Hawaii","1030","96","934",
"1500000US150010218003","Block Group 3, Census Tract 218, Hawaii County, Hawaii","936","0","936",
"1500000US150010218004","Block Group 4, Census Tract 218, Hawaii County, Hawaii","371","0","371",
"1500000US150010219021","Block Group 1, Census Tract 219.02, Hawaii County, Hawaii","1048","72","976",
"1500000US150010219022","Block Group 2, Census Tract 219.02, Hawaii County, Hawaii","294","0","294",
"1500000US150010219023","Block Group 3, Census Tract 219.02, Hawaii County, Hawaii","774","4","770",
"1500000US150010220001","Block Group 1, Census Tract 220, Hawaii County, Hawaii","592","16","576",
"1500000US150010220002","Block Group 2, Census Tract 220, Hawaii County, Hawaii","839","21","818",
"1500000US150010221021","Block Group 1, Census Tract 221.02, Hawaii County, Hawaii","151","7","144",
"1500000US150010221022","Block Group 2, Census Tract 221.02, Hawaii County, Hawaii","445","38","407",
"1500000US150019900000","Block Group 0, Census Tract 9900, Hawaii County, Hawaii","0","0","0",
"1500000US150019901000","Block Group 0, Census Tract 9901, Hawaii County, Hawaii","0","0","0",
"1500000US150019903000","Block Group 0, Census Tract 9903, Hawaii County, Hawaii","0","0","0",
"1500000US150019904000","Block Group 0, Census Tract 9904, Hawaii County, Hawaii","0","0","0",
"1500000US150019905000","Block Group 0, Census Tract 9905, Hawaii County, Hawaii","0","0","0",
"1500000US150019906000","Block Group 0, Census Tract 9906, Hawaii County, Hawaii","0","0","0",
"1500000US150019907000","Block Group 0, Census Tract 9907, Hawaii County, Hawaii","0","0","0",
"1500000US150019908000","Block Group 0, Census Tract 9908, Hawaii County, Hawaii","0","0","0",
"1500000US150019909000","Block Group 0, Census Tract 9909, Hawaii County, Hawaii","0","0","0",
"1500000US150019910000","Block Group 0, Census Tract 9910, Hawaii County, Hawaii","0","0","0",
"1500000US150019911000","Block Group 0, Census Tract 9911, Hawaii County, Hawaii","0","0","0",
"1500000US150019912000","Block Group 0, Census Tract 9912, Hawaii County, Hawaii","0","0","0",
"1500000US150019913000","Block Group 0, Census Tract 9913, Hawaii County, Hawaii","0","0","0",
"1500000US150019914000","Block Group 0, Census Tract 9914, Hawaii County, Hawaii","0","0","0",
"1500000US150019915000","Block Group 0, Census Tract 9915, Hawaii County, Hawaii","0","0","0",
"1500000US150019916000","Block Group 0, Census Tract 9916, Hawaii County, Hawaii","0","0","0",
"1500000US150019917000","Block Group 0, Census Tract 9917, Hawaii County, Hawaii","0","0","0",
"1500000US150030001061","Block Group 1, Census Tract 1.06, Honolulu County, Hawaii","561","130","431",
"1500000US150030001062","Block Group 2, Census Tract 1.06, Honolulu County, Hawaii","1608","89","1519",
"1500000US150030001063","Block Group 3, Census Tract 1.06, Honolulu County, Hawaii","813","57","756",
"1500000US150030001064","Block Group 4, Census Tract 1.06, Honolulu County, Hawaii","1190","92","1098",
"1500000US150030001071","Block Group 1, Census Tract 1.07, Honolulu County, Hawaii","656","73","583",
"1500000US150030001072","Block Group 2, Census Tract 1.07, Honolulu County, Hawaii","396","31","365",
"1500000US150030001073","Block Group 3, Census Tract 1.07, Honolulu County, Hawaii","286","16","270",
"1500000US150030001081","Block Group 1, Census Tract 1.08, Honolulu County, Hawaii","821","95","726",
"1500000US150030001082","Block Group 2, Census Tract 1.08, Honolulu County, Hawaii","656","144","512",
"1500000US150030001101","Block Group 1, Census Tract 1.10, Honolulu County, Hawaii","540","70","470",
"1500000US150030001102","Block Group 2, Census Tract 1.10, Honolulu County, Hawaii","587","45","542",
"1500000US150030001103","Block Group 3, Census Tract 1.10, Honolulu County, Hawaii","921","177","744",
"1500000US150030001111","Block Group 1, Census Tract 1.11, Honolulu County, Hawaii","1024","42","982",
"1500000US150030001112","Block Group 2, Census Tract 1.11, Honolulu County, Hawaii","1106","125","981",
"1500000US150030001113","Block Group 3, Census Tract 1.11, Honolulu County, Hawaii","273","0","273",
"1500000US150030001121","Block Group 1, Census Tract 1.12, Honolulu County, Hawaii","481","67","414",
"1500000US150030001122","Block Group 2, Census Tract 1.12, Honolulu County, Hawaii","1125","110","1015",
"1500000US150030001123","Block Group 3, Census Tract 1.12, Honolulu County, Hawaii","814","75","739",
"1500000US150030001141","Block Group 1, Census Tract 1.14, Honolulu County, Hawaii","682","44","638",
"1500000US150030002001","Block Group 1, Census Tract 2, Honolulu County, Hawaii","644","108","536",
"1500000US150030002002","Block Group 2, Census Tract 2, Honolulu County, Hawaii","313","0","313",
"1500000US150030002003","Block Group 3, Census Tract 2, Honolulu County, Hawaii","412","79","333",
"1500000US150030002004","Block Group 4, Census Tract 2, Honolulu County, Hawaii","808","86","722",
"1500000US150030002005","Block Group 5, Census Tract 2, Honolulu County, Hawaii","776","60","716",
"1500000US150030003011","Block Group 1, Census Tract 3.01, Honolulu County, Hawaii","444","0","444",
"1500000US150030003012","Block Group 2, Census Tract 3.01, Honolulu County, Hawaii","1098","164","934",
"1500000US150030003021","Block Group 1, Census Tract 3.02, Honolulu County, Hawaii","458","98","360",
"1500000US150030003022","Block Group 2, Census Tract 3.02, Honolulu County, Hawaii","271","31","240",
"1500000US150030003023","Block Group 3, Census Tract 3.02, Honolulu County, Hawaii","551","46","505",
"1500000US150030004011","Block Group 1, Census Tract 4.01, Honolulu County, Hawaii","1228","212","1016",
"1500000US150030004021","Block Group 1, Census Tract 4.02, Honolulu County, Hawaii","1337","170","1167",
"1500000US150030004022","Block Group 2, Census Tract 4.02, Honolulu County, Hawaii","920","130","790",
"1500000US150030005001","Block Group 1, Census Tract 5, Honolulu County, Hawaii","405","34","371",
"1500000US150030005002","Block Group 2, Census Tract 5, Honolulu County, Hawaii","119","31","88",
"1500000US150030005003","Block Group 3, Census Tract 5, Honolulu County, Hawaii","391","33","358",
"1500000US150030005004","Block Group 4, Census Tract 5, Honolulu County, Hawaii","473","47","426",
"1500000US150030005005","Block Group 5, Census Tract 5, Honolulu County, Hawaii","322","19","303",
"1500000US150030006001","Block Group 1, Census Tract 6, Honolulu County, Hawaii","0","0","0",
"1500000US150030006002","Block Group 2, Census Tract 6, Honolulu County, Hawaii","674","61","613",
"1500000US150030007001","Block Group 1, Census Tract 7, Honolulu County, Hawaii","755","44","711",
"1500000US150030007002","Block Group 2, Census Tract 7, Honolulu County, Hawaii","532","76","456",
"1500000US150030007003","Block Group 3, Census Tract 7, Honolulu County, Hawaii","263","18","245",
"1500000US150030008001","Block Group 1, Census Tract 8, Honolulu County, Hawaii","663","139","524",
"1500000US150030008002","Block Group 2, Census Tract 8, Honolulu County, Hawaii","611","53","558",
"1500000US150030008003","Block Group 3, Census Tract 8, Honolulu County, Hawaii","432","81","351",
"1500000US150030008004","Block Group 4, Census Tract 8, Honolulu County, Hawaii","249","71","178",
"1500000US150030009011","Block Group 1, Census Tract 9.01, Honolulu County, Hawaii","668","42","626",
"1500000US150030009012","Block Group 2, Census Tract 9.01, Honolulu County, Hawaii","638","35","603",
"1500000US150030009021","Block Group 1, Census Tract 9.02, Honolulu County, Hawaii","1430","156","1274",
"1500000US150030009022","Block Group 2, Census Tract 9.02, Honolulu County, Hawaii","481","60","421",
"1500000US150030009031","Block Group 1, Census Tract 9.03, Honolulu County, Hawaii","863","75","788",
"1500000US150030009032","Block Group 2, Census Tract 9.03, Honolulu County, Hawaii","965","66","899",
"1500000US150030010001","Block Group 1, Census Tract 10, Honolulu County, Hawaii","614","130","484",
"1500000US150030010002","Block Group 2, Census Tract 10, Honolulu County, Hawaii","1107","129","978",
"1500000US150030011001","Block Group 1, Census Tract 11, Honolulu County, Hawaii","525","124","401",
"1500000US150030011002","Block Group 2, Census Tract 11, Honolulu County, Hawaii","1079","262","817",
"1500000US150030012011","Block Group 1, Census Tract 12.01, Honolulu County, Hawaii","457","50","407",
"1500000US150030012012","Block Group 2, Census Tract 12.01, Honolulu County, Hawaii","1227","191","1036",
"1500000US150030012021","Block Group 1, Census Tract 12.02, Honolulu County, Hawaii","772","117","655",
"1500000US150030012022","Block Group 2, Census Tract 12.02, Honolulu County, Hawaii","732","77","655",
"1500000US150030013001","Block Group 1, Census Tract 13, Honolulu County, Hawaii","861","59","802",
"1500000US150030013002","Block Group 2, Census Tract 13, Honolulu County, Hawaii","848","188","660",
"1500000US150030013003","Block Group 3, Census Tract 13, Honolulu County, Hawaii","609","50","559",
"1500000US150030013004","Block Group 4, Census Tract 13, Honolulu County, Hawaii","521","85","436",
"1500000US150030014001","Block Group 1, Census Tract 14, Honolulu County, Hawaii","839","127","712",
"1500000US150030014002","Block Group 2, Census Tract 14, Honolulu County, Hawaii","637","100","537",
"1500000US150030015001","Block Group 1, Census Tract 15, Honolulu County, Hawaii","874","158","716",
"1500000US150030015002","Block Group 2, Census Tract 15, Honolulu County, Hawaii","445","43","402",
"1500000US150030015003","Block Group 3, Census Tract 15, Honolulu County, Hawaii","457","106","351",
"1500000US150030016001","Block Group 1, Census Tract 16, Honolulu County, Hawaii","1128","82","1046",
"1500000US150030016002","Block Group 2, Census Tract 16, Honolulu County, Hawaii","477","42","435",
"1500000US150030016003","Block Group 3, Census Tract 16, Honolulu County, Hawaii","451","77","374",
"1500000US150030017001","Block Group 1, Census Tract 17, Honolulu County, Hawaii","286","77","209",
"1500000US150030017002","Block Group 2, Census Tract 17, Honolulu County, Hawaii","740","45","695",
"1500000US150030018011","Block Group 1, Census Tract 18.01, Honolulu County, Hawaii","308","71","237",
"1500000US150030018012","Block Group 2, Census Tract 18.01, Honolulu County, Hawaii","201","4","197",
"1500000US150030018031","Block Group 1, Census Tract 18.03, Honolulu County, Hawaii","848","251","597",
"1500000US150030018032","Block Group 2, Census Tract 18.03, Honolulu County, Hawaii","351","0","351",
"1500000US150030018033","Block Group 3, Census Tract 18.03, Honolulu County, Hawaii","527","64","463",
"1500000US150030018041","Block Group 1, Census Tract 18.04, Honolulu County, Hawaii","789","59","730",
"1500000US150030019011","Block Group 1, Census Tract 19.01, Honolulu County, Hawaii","118","15","103",
"1500000US150030019031","Block Group 1, Census Tract 19.03, Honolulu County, Hawaii","948","65","883",
"1500000US150030019032","Block Group 2, Census Tract 19.03, Honolulu County, Hawaii","332","21","311",
"1500000US150030019041","Block Group 1, Census Tract 19.04, Honolulu County, Hawaii","876","88","788",
"1500000US150030019042","Block Group 2, Census Tract 19.04, Honolulu County, Hawaii","686","38","648",
"1500000US150030020031","Block Group 1, Census Tract 20.03, Honolulu County, Hawaii","514","126","388",
"1500000US150030020032","Block Group 2, Census Tract 20.03, Honolulu County, Hawaii","600","48","552",
"1500000US150030020041","Block Group 1, Census Tract 20.04, Honolulu County, Hawaii","863","129","734",
"1500000US150030020051","Block Group 1, Census Tract 20.05, Honolulu County, Hawaii","394","24","370",
"1500000US150030020052","Block Group 2, Census Tract 20.05, Honolulu County, Hawaii","725","68","657",
"1500000US150030020061","Block Group 1, Census Tract 20.06, Honolulu County, Hawaii","753","50","703",
"1500000US150030020062","Block Group 2, Census Tract 20.06, Honolulu County, Hawaii","274","27","247",
"1500000US150030021001","Block Group 1, Census Tract 21, Honolulu County, Hawaii","900","84","816",
"1500000US150030021002","Block Group 2, Census Tract 21, Honolulu County, Hawaii","1279","201","1078",
"1500000US150030022011","Block Group 1, Census Tract 22.01, Honolulu County, Hawaii","876","94","782",
"1500000US150030022012","Block Group 2, Census Tract 22.01, Honolulu County, Hawaii","1261","217","1044",
"1500000US150030022021","Block Group 1, Census Tract 22.02, Honolulu County, Hawaii","109","0","109",
"1500000US150030022022","Block Group 2, Census Tract 22.02, Honolulu County, Hawaii","2032","141","1891",
"1500000US150030023001","Block Group 1, Census Tract 23, Honolulu County, Hawaii","824","147","677",
"1500000US150030023002","Block Group 2, Census Tract 23, Honolulu County, Hawaii","393","29","364",
"1500000US150030023003","Block Group 3, Census Tract 23, Honolulu County, Hawaii","542","10","532",
"1500000US150030023004","Block Group 4, Census Tract 23, Honolulu County, Hawaii","887","43","844",
"1500000US150030023005","Block Group 5, Census Tract 23, Honolulu County, Hawaii","661","88","573",
"1500000US150030024011","Block Group 1, Census Tract 24.01, Honolulu County, Hawaii","495","68","427",
"1500000US150030024012","Block Group 2, Census Tract 24.01, Honolulu County, Hawaii","818","129","689",
"1500000US150030024013","Block Group 3, Census Tract 24.01, Honolulu County, Hawaii","480","92","388",
"1500000US150030024021","Block Group 1, Census Tract 24.02, Honolulu County, Hawaii","1150","170","980",
"1500000US150030024022","Block Group 2, Census Tract 24.02, Honolulu County, Hawaii","759","40","719",
"1500000US150030025001","Block Group 1, Census Tract 25, Honolulu County, Hawaii","1072","140","932",
"1500000US150030025002","Block Group 2, Census Tract 25, Honolulu County, Hawaii","1267","108","1159",
"1500000US150030026001","Block Group 1, Census Tract 26, Honolulu County, Hawaii","586","33","553",
"1500000US150030026002","Block Group 2, Census Tract 26, Honolulu County, Hawaii","553","53","500",
"1500000US150030026003","Block Group 3, Census Tract 26, Honolulu County, Hawaii","455","22","433",
"1500000US150030026004","Block Group 4, Census Tract 26, Honolulu County, Hawaii","617","67","550",
"1500000US150030027011","Block Group 1, Census Tract 27.01, Honolulu County, Hawaii","430","144","286",
"1500000US150030027012","Block Group 2, Census Tract 27.01, Honolulu County, Hawaii","1011","797","214",
"1500000US150030027013","Block Group 3, Census Tract 27.01, Honolulu County, Hawaii","650","48","602",
"1500000US150030027021","Block Group 1, Census Tract 27.02, Honolulu County, Hawaii","1135","108","1027",
"1500000US150030027022","Block Group 2, Census Tract 27.02, Honolulu County, Hawaii","672","140","532",
"1500000US150030027023","Block Group 3, Census Tract 27.02, Honolulu County, Hawaii","1161","50","1111",
"1500000US150030028001","Block Group 1, Census Tract 28, Honolulu County, Hawaii","878","61","817",
"1500000US150030028002","Block Group 2, Census Tract 28, Honolulu County, Hawaii","1225","179","1046",
"1500000US150030029001","Block Group 1, Census Tract 29, Honolulu County, Hawaii","1149","54","1095",
"1500000US150030030001","Block Group 1, Census Tract 30, Honolulu County, Hawaii","481","4","477",
"1500000US150030030002","Block Group 2, Census Tract 30, Honolulu County, Hawaii","552","77","475",
"1500000US150030030003","Block Group 3, Census Tract 30, Honolulu County, Hawaii","673","81","592",
"1500000US150030030004","Block Group 4, Census Tract 30, Honolulu County, Hawaii","600","74","526",
"1500000US150030031011","Block Group 1, Census Tract 31.01, Honolulu County, Hawaii","815","67","748",
"1500000US150030031012","Block Group 2, Census Tract 31.01, Honolulu County, Hawaii","1230","130","1100",
"1500000US150030031021","Block Group 1, Census Tract 31.02, Honolulu County, Hawaii","1261","110","1151",
"1500000US150030031022","Block Group 2, Census Tract 31.02, Honolulu County, Hawaii","429","26","403",
"1500000US150030032001","Block Group 1, Census Tract 32, Honolulu County, Hawaii","439","47","392",
"1500000US150030033001","Block Group 1, Census Tract 33, Honolulu County, Hawaii","643","54","589",
"1500000US150030034031","Block Group 1, Census Tract 34.03, Honolulu County, Hawaii","995","178","817",
"1500000US150030034032","Block Group 2, Census Tract 34.03, Honolulu County, Hawaii","679","17","662",
"1500000US150030034033","Block Group 3, Census Tract 34.03, Honolulu County, Hawaii","788","85","703",
"1500000US150030034034","Block Group 4, Census Tract 34.03, Honolulu County, Hawaii","953","62","891",
"1500000US150030034041","Block Group 1, Census Tract 34.04, Honolulu County, Hawaii","746","109","637",
"1500000US150030034042","Block Group 2, Census Tract 34.04, Honolulu County, Hawaii","1188","67","1121",
"1500000US150030034043","Block Group 3, Census Tract 34.04, Honolulu County, Hawaii","849","80","769",
"1500000US150030034051","Block Group 1, Census Tract 34.05, Honolulu County, Hawaii","1306","44","1262",
"1500000US150030034052","Block Group 2, Census Tract 34.05, Honolulu County, Hawaii","782","107","675",
"1500000US150030034061","Block Group 1, Census Tract 34.06, Honolulu County, Hawaii","935","0","935",
"1500000US150030034062","Block Group 2, Census Tract 34.06, Honolulu County, Hawaii","1226","109","1117",
"1500000US150030034063","Block Group 3, Census Tract 34.06, Honolulu County, Hawaii","967","49","918",
"1500000US150030034064","Block Group 4, Census Tract 34.06, Honolulu County, Hawaii","525","32","493",
"1500000US150030034071","Block Group 1, Census Tract 34.07, Honolulu County, Hawaii","349","22","327",
"1500000US150030035011","Block Group 1, Census Tract 35.01, Honolulu County, Hawaii","426","45","381",
"1500000US150030035012","Block Group 2, Census Tract 35.01, Honolulu County, Hawaii","884","148","736",
"1500000US150030035021","Block Group 1, Census Tract 35.02, Honolulu County, Hawaii","496","39","457",
"1500000US150030035022","Block Group 2, Census Tract 35.02, Honolulu County, Hawaii","901","100","801",
"1500000US150030035023","Block Group 3, Census Tract 35.02, Honolulu County, Hawaii","794","128","666",
"1500000US150030036011","Block Group 1, Census Tract 36.01, Honolulu County, Hawaii","567","34","533",
"1500000US150030036012","Block Group 2, Census Tract 36.01, Honolulu County, Hawaii","1425","200","1225",
"1500000US150030036031","Block Group 1, Census Tract 36.03, Honolulu County, Hawaii","756","216","540",
"1500000US150030036032","Block Group 2, Census Tract 36.03, Honolulu County, Hawaii","632","113","519",
"1500000US150030036041","Block Group 1, Census Tract 36.04, Honolulu County, Hawaii","402","11","391",
"1500000US150030036042","Block Group 2, Census Tract 36.04, Honolulu County, Hawaii","1032","182","850",
"1500000US150030037001","Block Group 1, Census Tract 37, Honolulu County, Hawaii","145","0","145",
"1500000US150030037002","Block Group 2, Census Tract 37, Honolulu County, Hawaii","1530","156","1374",
"1500000US150030037003","Block Group 3, Census Tract 37, Honolulu County, Hawaii","0","0","0",
"1500000US150030037004","Block Group 4, Census Tract 37, Honolulu County, Hawaii","129","33","96",
"1500000US150030037005","Block Group 5, Census Tract 37, Honolulu County, Hawaii","816","43","773",
"1500000US150030037006","Block Group 6, Census Tract 37, Honolulu County, Hawaii","245","63","182",
"1500000US150030037007","Block Group 7, Census Tract 37, Honolulu County, Hawaii","783","45","738",
"1500000US150030038001","Block Group 1, Census Tract 38, Honolulu County, Hawaii","2107","216","1891",
"1500000US150030038002","Block Group 2, Census Tract 38, Honolulu County, Hawaii","280","36","244",
"1500000US150030038003","Block Group 3, Census Tract 38, Honolulu County, Hawaii","381","0","381",
"1500000US150030039001","Block Group 1, Census Tract 39, Honolulu County, Hawaii","114","12","102",
"1500000US150030040001","Block Group 1, Census Tract 40, Honolulu County, Hawaii","291","4","287",
"1500000US150030040002","Block Group 2, Census Tract 40, Honolulu County, Hawaii","415","70","345",
"1500000US150030041001","Block Group 1, Census Tract 41, Honolulu County, Hawaii","958","54","904",
"1500000US150030041002","Block Group 2, Census Tract 41, Honolulu County, Hawaii","917","56","861",
"1500000US150030041003","Block Group 3, Census Tract 41, Honolulu County, Hawaii","473","0","473",
"1500000US150030042001","Block Group 1, Census Tract 42, Honolulu County, Hawaii","893","91","802",
"1500000US150030042002","Block Group 2, Census Tract 42, Honolulu County, Hawaii","1142","100","1042",
"1500000US150030043001","Block Group 1, Census Tract 43, Honolulu County, Hawaii","967","113","854",
"1500000US150030043002","Block Group 2, Census Tract 43, Honolulu County, Hawaii","1326","14","1312",
"1500000US150030043003","Block Group 3, Census Tract 43, Honolulu County, Hawaii","443","34","409",
"1500000US150030044001","Block Group 1, Census Tract 44, Honolulu County, Hawaii","1466","176","1290",
"1500000US150030044002","Block Group 2, Census Tract 44, Honolulu County, Hawaii","1310","135","1175",
"1500000US150030045001","Block Group 1, Census Tract 45, Honolulu County, Hawaii","1003","40","963",
"1500000US150030045002","Block Group 2, Census Tract 45, Honolulu County, Hawaii","390","15","375",
"1500000US150030045003","Block Group 3, Census Tract 45, Honolulu County, Hawaii","625","98","527",
"1500000US150030045004","Block Group 4, Census Tract 45, Honolulu County, Hawaii","812","41","771",
"1500000US150030046001","Block Group 1, Census Tract 46, Honolulu County, Hawaii","338","21","317",
"1500000US150030046002","Block Group 2, Census Tract 46, Honolulu County, Hawaii","944","143","801",
"1500000US150030046003","Block Group 3, Census Tract 46, Honolulu County, Hawaii","590","7","583",
"1500000US150030047001","Block Group 1, Census Tract 47, Honolulu County, Hawaii","361","53","308",
"1500000US150030047002","Block Group 2, Census Tract 47, Honolulu County, Hawaii","1192","90","1102",
"1500000US150030047003","Block Group 3, Census Tract 47, Honolulu County, Hawaii","298","21","277",
"1500000US150030047004","Block Group 4, Census Tract 47, Honolulu County, Hawaii","533","71","462",
"1500000US150030048001","Block Group 1, Census Tract 48, Honolulu County, Hawaii","359","50","309",
"1500000US150030048002","Block Group 2, Census Tract 48, Honolulu County, Hawaii","674","131","543",
"1500000US150030048003","Block Group 3, Census Tract 48, Honolulu County, Hawaii","1403","180","1223",
"1500000US150030048004","Block Group 4, Census Tract 48, Honolulu County, Hawaii","951","55","896",
"1500000US150030049001","Block Group 1, Census Tract 49, Honolulu County, Hawaii","396","87","309",
"1500000US150030049002","Block Group 2, Census Tract 49, Honolulu County, Hawaii","547","71","476",
"1500000US150030049003","Block Group 3, Census Tract 49, Honolulu County, Hawaii","629","124","505",
"1500000US150030050001","Block Group 1, Census Tract 50, Honolulu County, Hawaii","566","52","514",
"1500000US150030050002","Block Group 2, Census Tract 50, Honolulu County, Hawaii","656","72","584",
"1500000US150030050003","Block Group 3, Census Tract 50, Honolulu County, Hawaii","497","19","478",
"1500000US150030050004","Block Group 4, Census Tract 50, Honolulu County, Hawaii","571","79","492",
"1500000US150030051001","Block Group 1, Census Tract 51, Honolulu County, Hawaii","438","87","351",
"1500000US150030051002","Block Group 2, Census Tract 51, Honolulu County, Hawaii","1022","95","927",
"1500000US150030052001","Block Group 1, Census Tract 52, Honolulu County, Hawaii","460","29","431",
"1500000US150030052002","Block Group 2, Census Tract 52, Honolulu County, Hawaii","749","54","695",
"1500000US150030053001","Block Group 1, Census Tract 53, Honolulu County, Hawaii","1446","213","1233",
"1500000US150030053002","Block Group 2, Census Tract 53, Honolulu County, Hawaii","661","42","619",
"1500000US150030054001","Block Group 1, Census Tract 54, Honolulu County, Hawaii","467","46","421",
"1500000US150030055001","Block Group 1, Census Tract 55, Honolulu County, Hawaii","381","108","273",
"1500000US150030055002","Block Group 2, Census Tract 55, Honolulu County, Hawaii","758","189","569",
"1500000US150030056001","Block Group 1, Census Tract 56, Honolulu County, Hawaii","1519","257","1262",
"1500000US150030056002","Block Group 2, Census Tract 56, Honolulu County, Hawaii","653","160","493",
"1500000US150030056003","Block Group 3, Census Tract 56, Honolulu County, Hawaii","739","77","662",
"1500000US150030056004","Block Group 4, Census Tract 56, Honolulu County, Hawaii","766","52","714",
"1500000US150030057001","Block Group 1, Census Tract 57, Honolulu County, Hawaii","553","53","500",
"1500000US150030057002","Block Group 2, Census Tract 57, Honolulu County, Hawaii","552","122","430",
"1500000US150030058001","Block Group 1, Census Tract 58, Honolulu County, Hawaii","430","42","388",
"1500000US150030058002","Block Group 2, Census Tract 58, Honolulu County, Hawaii","1174","213","961",
"1500000US150030059001","Block Group 1, Census Tract 59, Honolulu County, Hawaii","325","39","286",
"1500000US150030059002","Block Group 2, Census Tract 59, Honolulu County, Hawaii","834","82","752",
"1500000US150030060001","Block Group 1, Census Tract 60, Honolulu County, Hawaii","872","60","812",
"1500000US150030060002","Block Group 2, Census Tract 60, Honolulu County, Hawaii","1854","189","1665",
"1500000US150030060003","Block Group 3, Census Tract 60, Honolulu County, Hawaii","1347","157","1190",
"1500000US150030061001","Block Group 1, Census Tract 61, Honolulu County, Hawaii","912","386","526",
"1500000US150030061002","Block Group 2, Census Tract 61, Honolulu County, Hawaii","1626","492","1134",
"1500000US150030062011","Block Group 1, Census Tract 62.01, Honolulu County, Hawaii","1241","189","1052",
"1500000US150030062012","Block Group 2, Census Tract 62.01, Honolulu County, Hawaii","1144","371","773",
"1500000US150030062013","Block Group 3, Census Tract 62.01, Honolulu County, Hawaii","235","7","228",
"1500000US150030062014","Block Group 4, Census Tract 62.01, Honolulu County, Hawaii","368","0","368",
"1500000US150030062021","Block Group 1, Census Tract 62.02, Honolulu County, Hawaii","420","71","349",
"1500000US150030063011","Block Group 1, Census Tract 63.01, Honolulu County, Hawaii","855","273","582",
"1500000US150030063012","Block Group 2, Census Tract 63.01, Honolulu County, Hawaii","783","130","653",
"1500000US150030063013","Block Group 3, Census Tract 63.01, Honolulu County, Hawaii","501","146","355",
"1500000US150030063021","Block Group 1, Census Tract 63.02, Honolulu County, Hawaii","1058","163","895",
"1500000US150030064011","Block Group 1, Census Tract 64.01, Honolulu County, Hawaii","1259","185","1074",
"1500000US150030064021","Block Group 1, Census Tract 64.02, Honolulu County, Hawaii","858","234","624",
"1500000US150030064022","Block Group 2, Census Tract 64.02, Honolulu County, Hawaii","1575","249","1326",
"1500000US150030064023","Block Group 3, Census Tract 64.02, Honolulu County, Hawaii","1488","82","1406",
"1500000US150030065001","Block Group 1, Census Tract 65, Honolulu County, Hawaii","668","150","518",
"1500000US150030065002","Block Group 2, Census Tract 65, Honolulu County, Hawaii","1738","165","1573",
"1500000US150030066001","Block Group 1, Census Tract 66, Honolulu County, Hawaii","86","28","58",
"1500000US150030067011","Block Group 1, Census Tract 67.01, Honolulu County, Hawaii","969","73","896",
"1500000US150030067012","Block Group 2, Census Tract 67.01, Honolulu County, Hawaii","707","45","662",
"1500000US150030067013","Block Group 3, Census Tract 67.01, Honolulu County, Hawaii","892","133","759",
"1500000US150030067021","Block Group 1, Census Tract 67.02, Honolulu County, Hawaii","1017","186","831",
"1500000US150030068021","Block Group 1, Census Tract 68.02, Honolulu County, Hawaii","1101","397","704",
"1500000US150030068022","Block Group 2, Census Tract 68.02, Honolulu County, Hawaii","1011","133","878",
"1500000US150030068023","Block Group 3, Census Tract 68.02, Honolulu County, Hawaii","2018","657","1361",
"1500000US150030068041","Block Group 1, Census Tract 68.04, Honolulu County, Hawaii","233","53","180",
"1500000US150030068042","Block Group 2, Census Tract 68.04, Honolulu County, Hawaii","665","94","571",
"1500000US150030068043","Block Group 3, Census Tract 68.04, Honolulu County, Hawaii","293","64","229",
"1500000US150030068051","Block Group 1, Census Tract 68.05, Honolulu County, Hawaii","224","0","224",
"1500000US150030068052","Block Group 2, Census Tract 68.05, Honolulu County, Hawaii","614","24","590",
"1500000US150030068053","Block Group 3, Census Tract 68.05, Honolulu County, Hawaii","2407","164","2243",
"1500000US150030068061","Block Group 1, Census Tract 68.06, Honolulu County, Hawaii","836","110","726",
"1500000US150030068081","Block Group 1, Census Tract 68.08, Honolulu County, Hawaii","1079","105","974",
"1500000US150030068082","Block Group 2, Census Tract 68.08, Honolulu County, Hawaii","541","49","492",
"1500000US150030068083","Block Group 3, Census Tract 68.08, Honolulu County, Hawaii","838","99","739",
"1500000US150030068091","Block Group 1, Census Tract 68.09, Honolulu County, Hawaii","1713","212","1501",
"1500000US150030068092","Block Group 2, Census Tract 68.09, Honolulu County, Hawaii","1411","156","1255",
"1500000US150030069001","Block Group 1, Census Tract 69, Honolulu County, Hawaii","582","80","502",
"1500000US150030069002","Block Group 2, Census Tract 69, Honolulu County, Hawaii","195","38","157",
"1500000US150030070001","Block Group 1, Census Tract 70, Honolulu County, Hawaii","413","74","339",
"1500000US150030070002","Block Group 2, Census Tract 70, Honolulu County, Hawaii","439","33","406",
"1500000US150030070003","Block Group 3, Census Tract 70, Honolulu County, Hawaii","65","0","65",
"1500000US150030071001","Block Group 1, Census Tract 71, Honolulu County, Hawaii","730","81","649",
"1500000US150030073021","Block Group 1, Census Tract 73.02, Honolulu County, Hawaii","573","57","516",
"1500000US150030073022","Block Group 2, Census Tract 73.02, Honolulu County, Hawaii","357","58","299",
"1500000US150030073031","Block Group 1, Census Tract 73.03, Honolulu County, Hawaii","14","5","9",
"1500000US150030074001","Block Group 1, Census Tract 74, Honolulu County, Hawaii","683","130","553",
"1500000US150030075021","Block Group 1, Census Tract 75.02, Honolulu County, Hawaii","15","5","10",
"1500000US150030075031","Block Group 1, Census Tract 75.03, Honolulu County, Hawaii","1496","189","1307",
"1500000US150030075032","Block Group 2, Census Tract 75.03, Honolulu County, Hawaii","1006","118","888",
"1500000US150030075041","Block Group 1, Census Tract 75.04, Honolulu County, Hawaii","650","113","537",
"1500000US150030075042","Block Group 2, Census Tract 75.04, Honolulu County, Hawaii","862","64","798",
"1500000US150030075051","Block Group 1, Census Tract 75.05, Honolulu County, Hawaii","1145","196","949",
"1500000US150030075052","Block Group 2, Census Tract 75.05, Honolulu County, Hawaii","1452","71","1381",
"1500000US150030075053","Block Group 3, Census Tract 75.05, Honolulu County, Hawaii","729","72","657",
"1500000US150030075061","Block Group 1, Census Tract 75.06, Honolulu County, Hawaii","143","29","114",
"1500000US150030077011","Block Group 1, Census Tract 77.01, Honolulu County, Hawaii","1000","211","789",
"1500000US150030077012","Block Group 2, Census Tract 77.01, Honolulu County, Hawaii","623","107","516",
"1500000US150030077013","Block Group 3, Census Tract 77.01, Honolulu County, Hawaii","307","80","227",
"1500000US150030077021","Block Group 1, Census Tract 77.02, Honolulu County, Hawaii","104","5","99",
"1500000US150030077022","Block Group 2, Census Tract 77.02, Honolulu County, Hawaii","1341","122","1219",
"1500000US150030077023","Block Group 3, Census Tract 77.02, Honolulu County, Hawaii","1019","151","868",
"1500000US150030078041","Block Group 1, Census Tract 78.04, Honolulu County, Hawaii","1047","79","968",
"1500000US150030078051","Block Group 1, Census Tract 78.05, Honolulu County, Hawaii","1301","100","1201",
"1500000US150030078052","Block Group 2, Census Tract 78.05, Honolulu County, Hawaii","1224","36","1188",
"1500000US150030078071","Block Group 1, Census Tract 78.07, Honolulu County, Hawaii","298","24","274",
"1500000US150030078072","Block Group 2, Census Tract 78.07, Honolulu County, Hawaii","385","16","369",
"1500000US150030078073","Block Group 3, Census Tract 78.07, Honolulu County, Hawaii","210","38","172",
"1500000US150030078074","Block Group 4, Census Tract 78.07, Honolulu County, Hawaii","692","63","629",
"1500000US150030078075","Block Group 5, Census Tract 78.07, Honolulu County, Hawaii","304","56","248",
"1500000US150030078076","Block Group 6, Census Tract 78.07, Honolulu County, Hawaii","553","26","527",
"1500000US150030078081","Block Group 1, Census Tract 78.08, Honolulu County, Hawaii","861","169","692",
"1500000US150030078082","Block Group 2, Census Tract 78.08, Honolulu County, Hawaii","762","206","556",
"1500000US150030078091","Block Group 1, Census Tract 78.09, Honolulu County, Hawaii","466","104","362",
"1500000US150030078092","Block Group 2, Census Tract 78.09, Honolulu County, Hawaii","1103","75","1028",
"1500000US150030078101","Block Group 1, Census Tract 78.10, Honolulu County, Hawaii","1194","155","1039",
"1500000US150030078102","Block Group 2, Census Tract 78.10, Honolulu County, Hawaii","431","11","420",
"1500000US150030078103","Block Group 3, Census Tract 78.10, Honolulu County, Hawaii","1049","13","1036",
"1500000US150030078111","Block Group 1, Census Tract 78.11, Honolulu County, Hawaii","1495","106","1389",
"1500000US150030078112","Block Group 2, Census Tract 78.11, Honolulu County, Hawaii","1031","63","968",
"1500000US150030080011","Block Group 1, Census Tract 80.01, Honolulu County, Hawaii","528","109","419",
"1500000US150030080012","Block Group 2, Census Tract 80.01, Honolulu County, Hawaii","286","17","269",
"1500000US150030080021","Block Group 1, Census Tract 80.02, Honolulu County, Hawaii","526","112","414",
"1500000US150030080022","Block Group 2, Census Tract 80.02, Honolulu County, Hawaii","905","142","763",
"1500000US150030080031","Block Group 1, Census Tract 80.03, Honolulu County, Hawaii","715","30","685",
"1500000US150030080032","Block Group 2, Census Tract 80.03, Honolulu County, Hawaii","1136","53","1083",
"1500000US150030080051","Block Group 1, Census Tract 80.05, Honolulu County, Hawaii","1274","90","1184",
"1500000US150030080052","Block Group 2, Census Tract 80.05, Honolulu County, Hawaii","1362","122","1240",
"1500000US150030080053","Block Group 3, Census Tract 80.05, Honolulu County, Hawaii","521","0","521",
"1500000US150030080061","Block Group 1, Census Tract 80.06, Honolulu County, Hawaii","992","218","774",
"1500000US150030080062","Block Group 2, Census Tract 80.06, Honolulu County, Hawaii","990","174","816",
"1500000US150030080071","Block Group 1, Census Tract 80.07, Honolulu County, Hawaii","1066","86","980",
"1500000US150030080072","Block Group 2, Census Tract 80.07, Honolulu County, Hawaii","1540","207","1333",
"1500000US150030083011","Block Group 1, Census Tract 83.01, Honolulu County, Hawaii","0","0","0",
"1500000US150030083012","Block Group 2, Census Tract 83.01, Honolulu County, Hawaii","494","30","464",
"1500000US150030083013","Block Group 3, Census Tract 83.01, Honolulu County, Hawaii","1312","134","1178",
"1500000US150030083021","Block Group 1, Census Tract 83.02, Honolulu County, Hawaii","792","142","650",
"1500000US150030083022","Block Group 2, Census Tract 83.02, Honolulu County, Hawaii","1020","189","831",
"1500000US150030083023","Block Group 3, Census Tract 83.02, Honolulu County, Hawaii","1508","209","1299",
"1500000US150030084021","Block Group 1, Census Tract 84.02, Honolulu County, Hawaii","1088","111","977",
"1500000US150030084022","Block Group 2, Census Tract 84.02, Honolulu County, Hawaii","1514","236","1278",
"1500000US150030084023","Block Group 3, Census Tract 84.02, Honolulu County, Hawaii","1364","285","1079",
"1500000US150030084051","Block Group 1, Census Tract 84.05, Honolulu County, Hawaii","2384","120","2264",
"1500000US150030084061","Block Group 1, Census Tract 84.06, Honolulu County, Hawaii","2972","246","2726",
"1500000US150030084071","Block Group 1, Census Tract 84.07, Honolulu County, Hawaii","1921","206","1715",
"1500000US150030084081","Block Group 1, Census Tract 84.08, Honolulu County, Hawaii","2300","291","2009",
"1500000US150030084082","Block Group 2, Census Tract 84.08, Honolulu County, Hawaii","1209","142","1067",
"1500000US150030084101","Block Group 1, Census Tract 84.10, Honolulu County, Hawaii","2464","221","2243",
"1500000US150030084111","Block Group 1, Census Tract 84.11, Honolulu County, Hawaii","596","19","577",
"1500000US150030084112","Block Group 2, Census Tract 84.11, Honolulu County, Hawaii","1407","92","1315",
"1500000US150030084121","Block Group 1, Census Tract 84.12, Honolulu County, Hawaii","2728","432","2296",
"1500000US150030084122","Block Group 2, Census Tract 84.12, Honolulu County, Hawaii","1170","32","1138",
"1500000US150030085021","Block Group 1, Census Tract 85.02, Honolulu County, Hawaii","1291","42","1249",
"1500000US150030086061","Block Group 1, Census Tract 86.06, Honolulu County, Hawaii","2181","180","2001",
"1500000US150030086062","Block Group 2, Census Tract 86.06, Honolulu County, Hawaii","1761","130","1631",
"1500000US150030086063","Block Group 3, Census Tract 86.06, Honolulu County, Hawaii","1046","275","771",
"1500000US150030086064","Block Group 4, Census Tract 86.06, Honolulu County, Hawaii","1087","176","911",
"1500000US150030086091","Block Group 1, Census Tract 86.09, Honolulu County, Hawaii","809","57","752",
"1500000US150030086092","Block Group 2, Census Tract 86.09, Honolulu County, Hawaii","211","27","184",
"1500000US150030086101","Block Group 1, Census Tract 86.10, Honolulu County, Hawaii","436","33","403",
"1500000US150030086111","Block Group 1, Census Tract 86.11, Honolulu County, Hawaii","41","0","41",
"1500000US150030086121","Block Group 1, Census Tract 86.12, Honolulu County, Hawaii","3013","156","2857",
"1500000US150030086131","Block Group 1, Census Tract 86.13, Honolulu County, Hawaii","568","29","539",
"1500000US150030086141","Block Group 1, Census Tract 86.14, Honolulu County, Hawaii","266","76","190",
"1500000US150030086142","Block Group 2, Census Tract 86.14, Honolulu County, Hawaii","0","0","0",
"1500000US150030086143","Block Group 3, Census Tract 86.14, Honolulu County, Hawaii","1074","82","992",
"1500000US150030086144","Block Group 4, Census Tract 86.14, Honolulu County, Hawaii","588","17","571",
"1500000US150030086145","Block Group 5, Census Tract 86.14, Honolulu County, Hawaii","603","43","560",
"1500000US150030086146","Block Group 6, Census Tract 86.14, Honolulu County, Hawaii","1218","215","1003",
"1500000US150030086147","Block Group 7, Census Tract 86.14, Honolulu County, Hawaii","589","48","541",
"1500000US150030086148","Block Group 8, Census Tract 86.14, Honolulu County, Hawaii","0","0","0",
"1500000US150030086149","Block Group 9, Census Tract 86.14, Honolulu County, Hawaii","71","15","56",
"1500000US150030086171","Block Group 1, Census Tract 86.17, Honolulu County, Hawaii","997","73","924",
"1500000US150030086172","Block Group 2, Census Tract 86.17, Honolulu County, Hawaii","790","14","776",
"1500000US150030086173","Block Group 3, Census Tract 86.17, Honolulu County, Hawaii","1555","221","1334",
"1500000US150030086174","Block Group 4, Census Tract 86.17, Honolulu County, Hawaii","1933","490","1443",
"1500000US150030086175","Block Group 5, Census Tract 86.17, Honolulu County, Hawaii","13","0","13",
"1500000US150030086221","Block Group 1, Census Tract 86.22, Honolulu County, Hawaii","451","31","420",
"1500000US150030086222","Block Group 2, Census Tract 86.22, Honolulu County, Hawaii","1241","169","1072",
"1500000US150030086223","Block Group 3, Census Tract 86.22, Honolulu County, Hawaii","464","131","333",
"1500000US150030087011","Block Group 1, Census Tract 87.01, Honolulu County, Hawaii","1261","138","1123",
"1500000US150030087012","Block Group 2, Census Tract 87.01, Honolulu County, Hawaii","210","23","187",
"1500000US150030087013","Block Group 3, Census Tract 87.01, Honolulu County, Hawaii","1427","418","1009",
"1500000US150030087014","Block Group 4, Census Tract 87.01, Honolulu County, Hawaii","1632","302","1330",
"1500000US150030087021","Block Group 1, Census Tract 87.02, Honolulu County, Hawaii","1783","171","1612",
"1500000US150030087022","Block Group 2, Census Tract 87.02, Honolulu County, Hawaii","1143","145","998",
"1500000US150030087031","Block Group 1, Census Tract 87.03, Honolulu County, Hawaii","1141","90","1051",
"1500000US150030087032","Block Group 2, Census Tract 87.03, Honolulu County, Hawaii","819","54","765",
"1500000US150030087033","Block Group 3, Census Tract 87.03, Honolulu County, Hawaii","594","51","543",
"1500000US150030087034","Block Group 4, Census Tract 87.03, Honolulu County, Hawaii","824","27","797",
"1500000US150030088001","Block Group 1, Census Tract 88, Honolulu County, Hawaii","1497","116","1381",
"1500000US150030088002","Block Group 2, Census Tract 88, Honolulu County, Hawaii","613","202","411",
"1500000US150030088003","Block Group 3, Census Tract 88, Honolulu County, Hawaii","1892","234","1658",
"1500000US150030088004","Block Group 4, Census Tract 88, Honolulu County, Hawaii","805","236","569",
"1500000US150030089061","Block Group 1, Census Tract 89.06, Honolulu County, Hawaii","342","39","303",
"1500000US150030089062","Block Group 2, Census Tract 89.06, Honolulu County, Hawaii","611","19","592",
"1500000US150030089063","Block Group 3, Census Tract 89.06, Honolulu County, Hawaii","1117","104","1013",
"1500000US150030089071","Block Group 1, Census Tract 89.07, Honolulu County, Hawaii","595","35","560",
"1500000US150030089072","Block Group 2, Census Tract 89.07, Honolulu County, Hawaii","525","83","442",
"1500000US150030089073","Block Group 3, Census Tract 89.07, Honolulu County, Hawaii","410","83","327",
"1500000US150030089074","Block Group 4, Census Tract 89.07, Honolulu County, Hawaii","327","22","305",
"1500000US150030089081","Block Group 1, Census Tract 89.08, Honolulu County, Hawaii","1074","120","954",
"1500000US150030089082","Block Group 2, Census Tract 89.08, Honolulu County, Hawaii","593","73","520",
"1500000US150030089083","Block Group 3, Census Tract 89.08, Honolulu County, Hawaii","1189","109","1080",
"1500000US150030089091","Block Group 1, Census Tract 89.09, Honolulu County, Hawaii","1471","209","1262",
"1500000US150030089092","Block Group 2, Census Tract 89.09, Honolulu County, Hawaii","482","43","439",
"1500000US150030089121","Block Group 1, Census Tract 89.12, Honolulu County, Hawaii","1427","326","1101",
"1500000US150030089131","Block Group 1, Census Tract 89.13, Honolulu County, Hawaii","1580","202","1378",
"1500000US150030089132","Block Group 2, Census Tract 89.13, Honolulu County, Hawaii","486","124","362",
"1500000US150030089141","Block Group 1, Census Tract 89.14, Honolulu County, Hawaii","1691","457","1234",
"1500000US150030089142","Block Group 2, Census Tract 89.14, Honolulu County, Hawaii","1036","163","873",
"1500000US150030089151","Block Group 1, Census Tract 89.15, Honolulu County, Hawaii","1665","300","1365",
"1500000US150030089152","Block Group 2, Census Tract 89.15, Honolulu County, Hawaii","1116","168","948",
"1500000US150030089171","Block Group 1, Census Tract 89.17, Honolulu County, Hawaii","1289","79","1210",
"1500000US150030089172","Block Group 2, Census Tract 89.17, Honolulu County, Hawaii","1179","159","1020",
"1500000US150030089181","Block Group 1, Census Tract 89.18, Honolulu County, Hawaii","967","70","897",
"1500000US150030089182","Block Group 2, Census Tract 89.18, Honolulu County, Hawaii","396","83","313",
"1500000US150030089183","Block Group 3, Census Tract 89.18, Honolulu County, Hawaii","426","6","420",
"1500000US150030089184","Block Group 4, Census Tract 89.18, Honolulu County, Hawaii","987","131","856",
"1500000US150030089201","Block Group 1, Census Tract 89.20, Honolulu County, Hawaii","822","85","737",
"1500000US150030089202","Block Group 2, Census Tract 89.20, Honolulu County, Hawaii","557","91","466",
"1500000US150030089203","Block Group 3, Census Tract 89.20, Honolulu County, Hawaii","346","57","289",
"1500000US150030089204","Block Group 4, Census Tract 89.20, Honolulu County, Hawaii","606","57","549",
"1500000US150030089211","Block Group 1, Census Tract 89.21, Honolulu County, Hawaii","1313","159","1154",
"1500000US150030089221","Block Group 1, Census Tract 89.22, Honolulu County, Hawaii","943","44","899",
"1500000US150030089222","Block Group 2, Census Tract 89.22, Honolulu County, Hawaii","916","44","872",
"1500000US150030089223","Block Group 3, Census Tract 89.22, Honolulu County, Hawaii","1122","81","1041",
"1500000US150030089224","Block Group 4, Census Tract 89.22, Honolulu County, Hawaii","971","64","907",
"1500000US150030089231","Block Group 1, Census Tract 89.23, Honolulu County, Hawaii","1808","131","1677",
"1500000US150030089232","Block Group 2, Census Tract 89.23, Honolulu County, Hawaii","479","26","453",
"1500000US150030089233","Block Group 3, Census Tract 89.23, Honolulu County, Hawaii","415","18","397",
"1500000US150030089241","Block Group 1, Census Tract 89.24, Honolulu County, Hawaii","2081","211","1870",
"1500000US150030089242","Block Group 2, Census Tract 89.24, Honolulu County, Hawaii","1052","32","1020",
"1500000US150030089243","Block Group 3, Census Tract 89.24, Honolulu County, Hawaii","1153","236","917",
"1500000US150030089251","Block Group 1, Census Tract 89.25, Honolulu County, Hawaii","1916","72","1844",
"1500000US150030089252","Block Group 2, Census Tract 89.25, Honolulu County, Hawaii","953","136","817",
"1500000US150030089253","Block Group 3, Census Tract 89.25, Honolulu County, Hawaii","786","155","631",
"1500000US150030089261","Block Group 1, Census Tract 89.26, Honolulu County, Hawaii","723","59","664",
"1500000US150030089271","Block Group 1, Census Tract 89.27, Honolulu County, Hawaii","2737","180","2557",
"1500000US150030089281","Block Group 1, Census Tract 89.28, Honolulu County, Hawaii","2258","198","2060",
"1500000US150030089291","Block Group 1, Census Tract 89.29, Honolulu County, Hawaii","777","56","721",
"1500000US150030089292","Block Group 2, Census Tract 89.29, Honolulu County, Hawaii","1591","327","1264",
"1500000US150030089301","Block Group 1, Census Tract 89.30, Honolulu County, Hawaii","1214","173","1041",
"1500000US150030089311","Block Group 1, Census Tract 89.31, Honolulu County, Hawaii","1547","125","1422",
"1500000US150030089312","Block Group 2, Census Tract 89.31, Honolulu County, Hawaii","1","0","1",
"1500000US150030090001","Block Group 1, Census Tract 90, Honolulu County, Hawaii","596","107","489",
"1500000US150030091001","Block Group 1, Census Tract 91, Honolulu County, Hawaii","1654","348","1306",
"1500000US150030091002","Block Group 2, Census Tract 91, Honolulu County, Hawaii","652","125","527",
"1500000US150030092001","Block Group 1, Census Tract 92, Honolulu County, Hawaii","1558","275","1283",
"1500000US150030092002","Block Group 2, Census Tract 92, Honolulu County, Hawaii","1516","123","1393",
"1500000US150030092003","Block Group 3, Census Tract 92, Honolulu County, Hawaii","1010","52","958",
"1500000US150030093001","Block Group 1, Census Tract 93, Honolulu County, Hawaii","752","143","609",
"1500000US150030093002","Block Group 2, Census Tract 93, Honolulu County, Hawaii","260","66","194",
"1500000US150030093003","Block Group 3, Census Tract 93, Honolulu County, Hawaii","586","112","474",
"1500000US150030093004","Block Group 4, Census Tract 93, Honolulu County, Hawaii","630","177","453",
"1500000US150030094001","Block Group 1, Census Tract 94, Honolulu County, Hawaii","348","29","319",
"1500000US150030094002","Block Group 2, Census Tract 94, Honolulu County, Hawaii","672","47","625",
"1500000US150030094003","Block Group 3, Census Tract 94, Honolulu County, Hawaii","614","157","457",
"1500000US150030094004","Block Group 4, Census Tract 94, Honolulu County, Hawaii","334","17","317",
"1500000US150030095011","Block Group 1, Census Tract 95.01, Honolulu County, Hawaii","267","84","183",
"1500000US150030095012","Block Group 2, Census Tract 95.01, Honolulu County, Hawaii","470","59","411",
"1500000US150030095021","Block Group 1, Census Tract 95.02, Honolulu County, Hawaii","58","21","37",
"1500000US150030095022","Block Group 2, Census Tract 95.02, Honolulu County, Hawaii","630","17","613",
"1500000US150030095031","Block Group 1, Census Tract 95.03, Honolulu County, Hawaii","318","146","172",
"1500000US150030095041","Block Group 1, Census Tract 95.04, Honolulu County, Hawaii","277","42","235",
"1500000US150030095071","Block Group 1, Census Tract 95.07, Honolulu County, Hawaii","611","128","483",
"1500000US150030095072","Block Group 2, Census Tract 95.07, Honolulu County, Hawaii","43","12","31",
"1500000US150030096031","Block Group 1, Census Tract 96.03, Honolulu County, Hawaii","398","92","306",
"1500000US150030096032","Block Group 2, Census Tract 96.03, Honolulu County, Hawaii","1329","190","1139",
"1500000US150030096033","Block Group 3, Census Tract 96.03, Honolulu County, Hawaii","415","131","284",
"1500000US150030096034","Block Group 4, Census Tract 96.03, Honolulu County, Hawaii","753","86","667",
"1500000US150030096035","Block Group 5, Census Tract 96.03, Honolulu County, Hawaii","1089","27","1062",
"1500000US150030096036","Block Group 6, Census Tract 96.03, Honolulu County, Hawaii","203","0","203",
"1500000US150030096081","Block Group 1, Census Tract 96.08, Honolulu County, Hawaii","1058","166","892",
"1500000US150030096082","Block Group 2, Census Tract 96.08, Honolulu County, Hawaii","1074","122","952",
"1500000US150030097011","Block Group 1, Census Tract 97.01, Honolulu County, Hawaii","565","17","548",
"1500000US150030097012","Block Group 2, Census Tract 97.01, Honolulu County, Hawaii","323","43","280",
"1500000US150030097013","Block Group 3, Census Tract 97.01, Honolulu County, Hawaii","1039","110","929",
"1500000US150030097031","Block Group 1, Census Tract 97.03, Honolulu County, Hawaii","1622","170","1452",
"1500000US150030097032","Block Group 2, Census Tract 97.03, Honolulu County, Hawaii","1073","119","954",
"1500000US150030097033","Block Group 3, Census Tract 97.03, Honolulu County, Hawaii","346","19","327",
"1500000US150030097041","Block Group 1, Census Tract 97.04, Honolulu County, Hawaii","1467","175","1292",
"1500000US150030098011","Block Group 1, Census Tract 98.01, Honolulu County, Hawaii","707","33","674",
"1500000US150030098012","Block Group 2, Census Tract 98.01, Honolulu County, Hawaii","195","51","144",
"1500000US150030098021","Block Group 1, Census Tract 98.02, Honolulu County, Hawaii","1276","185","1091",
"1500000US150030098022","Block Group 2, Census Tract 98.02, Honolulu County, Hawaii","668","64","604",
"1500000US150030098023","Block Group 3, Census Tract 98.02, Honolulu County, Hawaii","533","45","488",
"1500000US150030099021","Block Group 1, Census Tract 99.02, Honolulu County, Hawaii","164","22","142",
"1500000US150030099022","Block Group 2, Census Tract 99.02, Honolulu County, Hawaii","412","108","304",
"1500000US150030099023","Block Group 3, Census Tract 99.02, Honolulu County, Hawaii","645","288","357",
"1500000US150030099024","Block Group 4, Census Tract 99.02, Honolulu County, Hawaii","456","0","456",
"1500000US150030099041","Block Group 1, Census Tract 99.04, Honolulu County, Hawaii","924","93","831",
"1500000US150030099042","Block Group 2, Census Tract 99.04, Honolulu County, Hawaii","195","161","34",
"1500000US150030099043","Block Group 3, Census Tract 99.04, Honolulu County, Hawaii","484","61","423",
"1500000US150030099044","Block Group 4, Census Tract 99.04, Honolulu County, Hawaii","501","42","459",
"1500000US150030099045","Block Group 5, Census Tract 99.04, Honolulu County, Hawaii","632","75","557",
"1500000US150030100001","Block Group 1, Census Tract 100, Honolulu County, Hawaii","606","17","589",
"1500000US150030100002","Block Group 2, Census Tract 100, Honolulu County, Hawaii","509","60","449",
"1500000US150030101001","Block Group 1, Census Tract 101, Honolulu County, Hawaii","891","121","770",
"1500000US150030101002","Block Group 2, Census Tract 101, Honolulu County, Hawaii","1479","391","1088",
"1500000US150030101003","Block Group 3, Census Tract 101, Honolulu County, Hawaii","242","9","233",
"1500000US150030101004","Block Group 4, Census Tract 101, Honolulu County, Hawaii","973","128","845",
"1500000US150030102011","Block Group 1, Census Tract 102.01, Honolulu County, Hawaii","827","82","745",
"1500000US150030102012","Block Group 2, Census Tract 102.01, Honolulu County, Hawaii","571","126","445",
"1500000US150030102013","Block Group 3, Census Tract 102.01, Honolulu County, Hawaii","882","70","812",
"1500000US150030102021","Block Group 1, Census Tract 102.02, Honolulu County, Hawaii","940","182","758",
"1500000US150030102022","Block Group 2, Census Tract 102.02, Honolulu County, Hawaii","1301","221","1080",
"1500000US150030102023","Block Group 3, Census Tract 102.02, Honolulu County, Hawaii","528","8","520",
"1500000US150030102024","Block Group 4, Census Tract 102.02, Honolulu County, Hawaii","840","172","668",
"1500000US150030103031","Block Group 1, Census Tract 103.03, Honolulu County, Hawaii","954","54","900",
"1500000US150030103032","Block Group 2, Census Tract 103.03, Honolulu County, Hawaii","328","56","272",
"1500000US150030103033","Block Group 3, Census Tract 103.03, Honolulu County, Hawaii","988","199","789",
"1500000US150030103051","Block Group 1, Census Tract 103.05, Honolulu County, Hawaii","928","198","730",
"1500000US150030103052","Block Group 2, Census Tract 103.05, Honolulu County, Hawaii","820","0","820",
"1500000US150030103053","Block Group 3, Census Tract 103.05, Honolulu County, Hawaii","358","59","299",
"1500000US150030103061","Block Group 1, Census Tract 103.06, Honolulu County, Hawaii","352","32","320",
"1500000US150030103062","Block Group 2, Census Tract 103.06, Honolulu County, Hawaii","827","117","710",
"1500000US150030103063","Block Group 3, Census Tract 103.06, Honolulu County, Hawaii","485","37","448",
"1500000US150030103064","Block Group 4, Census Tract 103.06, Honolulu County, Hawaii","530","14","516",
"1500000US150030103065","Block Group 5, Census Tract 103.06, Honolulu County, Hawaii","1478","97","1381",
"1500000US150030103081","Block Group 1, Census Tract 103.08, Honolulu County, Hawaii","538","93","445",
"1500000US150030103082","Block Group 2, Census Tract 103.08, Honolulu County, Hawaii","324","43","281",
"1500000US150030103083","Block Group 3, Census Tract 103.08, Honolulu County, Hawaii","959","86","873",
"1500000US150030105031","Block Group 1, Census Tract 105.03, Honolulu County, Hawaii","344","0","344",
"1500000US150030105032","Block Group 2, Census Tract 105.03, Honolulu County, Hawaii","471","25","446",
"1500000US150030105041","Block Group 1, Census Tract 105.04, Honolulu County, Hawaii","770","64","706",
"1500000US150030105042","Block Group 2, Census Tract 105.04, Honolulu County, Hawaii","490","116","374",
"1500000US150030105043","Block Group 3, Census Tract 105.04, Honolulu County, Hawaii","906","97","809",
"1500000US150030105051","Block Group 1, Census Tract 105.05, Honolulu County, Hawaii","591","107","484",
"1500000US150030105052","Block Group 2, Census Tract 105.05, Honolulu County, Hawaii","640","92","548",
"1500000US150030105053","Block Group 3, Census Tract 105.05, Honolulu County, Hawaii","404","54","350",
"1500000US150030105071","Block Group 1, Census Tract 105.07, Honolulu County, Hawaii","1580","195","1385",
"1500000US150030105072","Block Group 2, Census Tract 105.07, Honolulu County, Hawaii","1420","122","1298",
"1500000US150030105081","Block Group 1, Census Tract 105.08, Honolulu County, Hawaii","463","20","443",
"1500000US150030105082","Block Group 2, Census Tract 105.08, Honolulu County, Hawaii","802","58","744",
"1500000US150030106011","Block Group 1, Census Tract 106.01, Honolulu County, Hawaii","549","92","457",
"1500000US150030106012","Block Group 2, Census Tract 106.01, Honolulu County, Hawaii","781","38","743",
"1500000US150030106013","Block Group 3, Census Tract 106.01, Honolulu County, Hawaii","434","124","310",
"1500000US150030106021","Block Group 1, Census Tract 106.02, Honolulu County, Hawaii","705","133","572",
"1500000US150030106022","Block Group 2, Census Tract 106.02, Honolulu County, Hawaii","875","100","775",
"1500000US150030106023","Block Group 3, Census Tract 106.02, Honolulu County, Hawaii","1224","107","1117",
"1500000US150030107011","Block Group 1, Census Tract 107.01, Honolulu County, Hawaii","1061","136","925",
"1500000US150030107012","Block Group 2, Census Tract 107.01, Honolulu County, Hawaii","723","230","493",
"1500000US150030107021","Block Group 1, Census Tract 107.02, Honolulu County, Hawaii","1044","189","855",
"1500000US150030107022","Block Group 2, Census Tract 107.02, Honolulu County, Hawaii","525","108","417",
"1500000US150030108011","Block Group 1, Census Tract 108.01, Honolulu County, Hawaii","134","27","107",
"1500000US150030108012","Block Group 2, Census Tract 108.01, Honolulu County, Hawaii","491","8","483",
"1500000US150030108021","Block Group 1, Census Tract 108.02, Honolulu County, Hawaii","975","136","839",
"1500000US150030108022","Block Group 2, Census Tract 108.02, Honolulu County, Hawaii","23","23","0",
"1500000US150030108023","Block Group 3, Census Tract 108.02, Honolulu County, Hawaii","102","19","83",
"1500000US150030109011","Block Group 1, Census Tract 109.01, Honolulu County, Hawaii","487","130","357",
"1500000US150030109012","Block Group 2, Census Tract 109.01, Honolulu County, Hawaii","973","51","922",
"1500000US150030109031","Block Group 1, Census Tract 109.03, Honolulu County, Hawaii","1258","117","1141",
"1500000US150030109032","Block Group 2, Census Tract 109.03, Honolulu County, Hawaii","801","105","696",
"1500000US150030109041","Block Group 1, Census Tract 109.04, Honolulu County, Hawaii","726","158","568",
"1500000US150030109042","Block Group 2, Census Tract 109.04, Honolulu County, Hawaii","639","57","582",
"1500000US150030109051","Block Group 1, Census Tract 109.05, Honolulu County, Hawaii","1238","187","1051",
"1500000US150030110001","Block Group 1, Census Tract 110, Honolulu County, Hawaii","816","83","733",
"1500000US150030110002","Block Group 2, Census Tract 110, Honolulu County, Hawaii","987","104","883",
"1500000US150030110003","Block Group 3, Census Tract 110, Honolulu County, Hawaii","0","0","0",
"1500000US150030111031","Block Group 1, Census Tract 111.03, Honolulu County, Hawaii","1354","177","1177",
"1500000US150030111032","Block Group 2, Census Tract 111.03, Honolulu County, Hawaii","559","77","482",
"1500000US150030111041","Block Group 1, Census Tract 111.04, Honolulu County, Hawaii","483","192","291",
"1500000US150030111042","Block Group 2, Census Tract 111.04, Honolulu County, Hawaii","1192","120","1072",
"1500000US150030111043","Block Group 3, Census Tract 111.04, Honolulu County, Hawaii","538","36","502",
"1500000US150030111051","Block Group 1, Census Tract 111.05, Honolulu County, Hawaii","343","0","343",
"1500000US150030111052","Block Group 2, Census Tract 111.05, Honolulu County, Hawaii","954","52","902",
"1500000US150030111053","Block Group 3, Census Tract 111.05, Honolulu County, Hawaii","502","35","467",
"1500000US150030111061","Block Group 1, Census Tract 111.06, Honolulu County, Hawaii","624","69","555",
"1500000US150030111062","Block Group 2, Census Tract 111.06, Honolulu County, Hawaii","629","95","534",
"1500000US150030111063","Block Group 3, Census Tract 111.06, Honolulu County, Hawaii","525","95","430",
"1500000US150030111064","Block Group 4, Census Tract 111.06, Honolulu County, Hawaii","1014","203","811",
"1500000US150030112011","Block Group 1, Census Tract 112.01, Honolulu County, Hawaii","357","100","257",
"1500000US150030112012","Block Group 2, Census Tract 112.01, Honolulu County, Hawaii","467","119","348",
"1500000US150030112013","Block Group 3, Census Tract 112.01, Honolulu County, Hawaii","370","55","315",
"1500000US150030112014","Block Group 4, Census Tract 112.01, Honolulu County, Hawaii","280","56","224",
"1500000US150030112015","Block Group 5, Census Tract 112.01, Honolulu County, Hawaii","722","20","702",
"1500000US150030112021","Block Group 1, Census Tract 112.02, Honolulu County, Hawaii","807","129","678",
"1500000US150030113001","Block Group 1, Census Tract 113, Honolulu County, Hawaii","710","84","626",
"1500000US150030113002","Block Group 2, Census Tract 113, Honolulu County, Hawaii","1360","141","1219",
"1500000US150030113003","Block Group 3, Census Tract 113, Honolulu County, Hawaii","231","29","202",
"1500000US150030113004","Block Group 4, Census Tract 113, Honolulu County, Hawaii","709","78","631",
"1500000US150030114001","Block Group 1, Census Tract 114, Honolulu County, Hawaii","19","19","0",
"1500000US150030114002","Block Group 2, Census Tract 114, Honolulu County, Hawaii","196","22","174",
"1500000US150030114003","Block Group 3, Census Tract 114, Honolulu County, Hawaii","316","79","237",
"1500000US150030115001","Block Group 1, Census Tract 115, Honolulu County, Hawaii","774","43","731",
"1500000US150030115002","Block Group 2, Census Tract 115, Honolulu County, Hawaii","1367","148","1219",
"1500000US150030115003","Block Group 3, Census Tract 115, Honolulu County, Hawaii","2150","146","2004",
"1500000US150039400011","Block Group 1, Census Tract 9400.01, Honolulu County, Hawaii","906","120","786",
"1500000US150039400012","Block Group 2, Census Tract 9400.01, Honolulu County, Hawaii","862","208","654",
"1500000US150039400021","Block Group 1, Census Tract 9400.02, Honolulu County, Hawaii","451","39","412",
"1500000US150039400022","Block Group 2, Census Tract 9400.02, Honolulu County, Hawaii","594","57","537",
"1500000US150039400023","Block Group 3, Census Tract 9400.02, Honolulu County, Hawaii","967","123","844",
"1500000US150039400024","Block Group 4, Census Tract 9400.02, Honolulu County, Hawaii","648","33","615",
"1500000US150039800001","Block Group 1, Census Tract 9800, Honolulu County, Hawaii","0","0","0",
"1500000US150039802001","Block Group 1, Census Tract 9802, Honolulu County, Hawaii","0","0","0",
"1500000US150039803001","Block Group 1, Census Tract 9803, Honolulu County, Hawaii","0","0","0",
"1500000US150039806001","Block Group 1, Census Tract 9806, Honolulu County, Hawaii","0","0","0",
"1500000US150039807001","Block Group 1, Census Tract 9807, Honolulu County, Hawaii","0","0","0",
"1500000US150039808001","Block Group 1, Census Tract 9808, Honolulu County, Hawaii","0","0","0",
"1500000US150039810001","Block Group 1, Census Tract 9810, Honolulu County, Hawaii","0","0","0",
"1500000US150039811001","Block Group 1, Census Tract 9811, Honolulu County, Hawaii","0","0","0",
"1500000US150039812001","Block Group 1, Census Tract 9812, Honolulu County, Hawaii","0","0","0",
"1500000US150039813001","Block Group 1, Census Tract 9813, Honolulu County, Hawaii","0","0","0",
"1500000US150039814001","Block Group 1, Census Tract 9814, Honolulu County, Hawaii","4","0","4",
"1500000US150039900010","Block Group 0, Census Tract 9900.01, Honolulu County, Hawaii","0","0","0",
"1500000US150050319001","Block Group 1, Census Tract 319, Kalawao County, Hawaii","63","7","56",
"1500000US150059900000","Block Group 0, Census Tract 9900, Kalawao County, Hawaii","0","0","0",
"1500000US150070401031","Block Group 1, Census Tract 401.03, Kauai County, Hawaii","802","100","702",
"1500000US150070401032","Block Group 2, Census Tract 401.03, Kauai County, Hawaii","823","53","770",
"1500000US150070401033","Block Group 3, Census Tract 401.03, Kauai County, Hawaii","590","5","585",
"1500000US150070401034","Block Group 4, Census Tract 401.03, Kauai County, Hawaii","207","13","194",
"1500000US150070401041","Block Group 1, Census Tract 401.04, Kauai County, Hawaii","146","7","139",
"1500000US150070401042","Block Group 2, Census Tract 401.04, Kauai County, Hawaii","89","0","89",
"1500000US150070402041","Block Group 1, Census Tract 402.04, Kauai County, Hawaii","1882","301","1581",
"1500000US150070402042","Block Group 2, Census Tract 402.04, Kauai County, Hawaii","1496","171","1325",
"1500000US150070402051","Block Group 1, Census Tract 402.05, Kauai County, Hawaii","565","70","495",
"1500000US150070402052","Block Group 2, Census Tract 402.05, Kauai County, Hawaii","351","78","273",
"1500000US150070402053","Block Group 3, Census Tract 402.05, Kauai County, Hawaii","393","37","356",
"1500000US150070402054","Block Group 4, Census Tract 402.05, Kauai County, Hawaii","938","94","844",
"1500000US150070403001","Block Group 1, Census Tract 403, Kauai County, Hawaii","445","55","390",
"1500000US150070403002","Block Group 2, Census Tract 403, Kauai County, Hawaii","364","13","351",
"1500000US150070403003","Block Group 3, Census Tract 403, Kauai County, Hawaii","1302","146","1156",
"1500000US150070403004","Block Group 4, Census Tract 403, Kauai County, Hawaii","336","132","204",
"1500000US150070403005","Block Group 5, Census Tract 403, Kauai County, Hawaii","52","0","52",
"1500000US150070403006","Block Group 6, Census Tract 403, Kauai County, Hawaii","1323","23","1300",
"1500000US150070404001","Block Group 1, Census Tract 404, Kauai County, Hawaii","1271","73","1198",
"1500000US150070404002","Block Group 2, Census Tract 404, Kauai County, Hawaii","686","32","654",
"1500000US150070404003","Block Group 3, Census Tract 404, Kauai County, Hawaii","1660","382","1278",
"1500000US150070404004","Block Group 4, Census Tract 404, Kauai County, Hawaii","1098","222","876",
"1500000US150070404005","Block Group 5, Census Tract 404, Kauai County, Hawaii","1181","234","947",
"1500000US150070405001","Block Group 1, Census Tract 405, Kauai County, Hawaii","110","0","110",
"1500000US150070405002","Block Group 2, Census Tract 405, Kauai County, Hawaii","668","30","638",
"1500000US150070405003","Block Group 3, Census Tract 405, Kauai County, Hawaii","601","198","403",
"1500000US150070405004","Block Group 4, Census Tract 405, Kauai County, Hawaii","857","136","721",
"1500000US150070405005","Block Group 5, Census Tract 405, Kauai County, Hawaii","1301","284","1017",
"1500000US150070406031","Block Group 1, Census Tract 406.03, Kauai County, Hawaii","203","28","175",
"1500000US150070406032","Block Group 2, Census Tract 406.03, Kauai County, Hawaii","244","14","230",
"1500000US150070406033","Block Group 3, Census Tract 406.03, Kauai County, Hawaii","1018","108","910",
"1500000US150070406041","Block Group 1, Census Tract 406.04, Kauai County, Hawaii","48","0","48",
"1500000US150070406042","Block Group 2, Census Tract 406.04, Kauai County, Hawaii","454","29","425",
"1500000US150070406043","Block Group 3, Census Tract 406.04, Kauai County, Hawaii","1065","86","979",
"1500000US150070407001","Block Group 1, Census Tract 407, Kauai County, Hawaii","527","28","499",
"1500000US150070407002","Block Group 2, Census Tract 407, Kauai County, Hawaii","917","17","900",
"1500000US150070407003","Block Group 3, Census Tract 407, Kauai County, Hawaii","1121","96","1025",
"1500000US150070407004","Block Group 4, Census Tract 407, Kauai County, Hawaii","706","66","640",
"1500000US150070407005","Block Group 5, Census Tract 407, Kauai County, Hawaii","1437","45","1392",
"1500000US150070407006","Block Group 6, Census Tract 407, Kauai County, Hawaii","261","39","222",
"1500000US150070408001","Block Group 1, Census Tract 408, Kauai County, Hawaii","722","48","674",
"1500000US150070408002","Block Group 2, Census Tract 408, Kauai County, Hawaii","968","41","927",
"1500000US150070408003","Block Group 3, Census Tract 408, Kauai County, Hawaii","474","0","474",
"1500000US150070409001","Block Group 1, Census Tract 409, Kauai County, Hawaii","300","0","300",
"1500000US150070409002","Block Group 2, Census Tract 409, Kauai County, Hawaii","583","159","424",
"1500000US150070409003","Block Group 3, Census Tract 409, Kauai County, Hawaii","368","48","320",
"1500000US150070409004","Block Group 4, Census Tract 409, Kauai County, Hawaii","267","30","237",
"1500000US150070409005","Block Group 5, Census Tract 409, Kauai County, Hawaii","141","0","141",
"1500000US150070409006","Block Group 6, Census Tract 409, Kauai County, Hawaii","958","27","931",
"1500000US150070412001","Block Group 1, Census Tract 412, Kauai County, Hawaii","0","0","0",
"1500000US150070412002","Block Group 2, Census Tract 412, Kauai County, Hawaii","0","0","0",
"1500000US150079400001","Block Group 1, Census Tract 9400, Kauai County, Hawaii","706","108","598",
"1500000US150079400002","Block Group 2, Census Tract 9400, Kauai County, Hawaii","758","23","735",
"1500000US150079901000","Block Group 0, Census Tract 9901, Kauai County, Hawaii","0","0","0",
"1500000US150079902000","Block Group 0, Census Tract 9902, Kauai County, Hawaii","0","0","0",
"1500000US150079903000","Block Group 0, Census Tract 9903, Kauai County, Hawaii","0","0","0",
"1500000US150090301001","Block Group 1, Census Tract 301, Maui County, Hawaii","516","81","435",
"1500000US150090301002","Block Group 2, Census Tract 301, Maui County, Hawaii","378","0","378",
"1500000US150090302011","Block Group 1, Census Tract 302.01, Maui County, Hawaii","674","104","570",
"1500000US150090302012","Block Group 2, Census Tract 302.01, Maui County, Hawaii","347","8","339",
"1500000US150090302021","Block Group 1, Census Tract 302.02, Maui County, Hawaii","452","0","452",
"1500000US150090302022","Block Group 2, Census Tract 302.02, Maui County, Hawaii","900","250","650",
"1500000US150090302023","Block Group 3, Census Tract 302.02, Maui County, Hawaii","1209","80","1129",
"1500000US150090302024","Block Group 4, Census Tract 302.02, Maui County, Hawaii","1035","70","965",
"1500000US150090302025","Block Group 5, Census Tract 302.02, Maui County, Hawaii","128","15","113",
"1500000US150090303011","Block Group 1, Census Tract 303.01, Maui County, Hawaii","1673","88","1585",
"1500000US150090303012","Block Group 2, Census Tract 303.01, Maui County, Hawaii","1809","277","1532",
"1500000US150090303013","Block Group 3, Census Tract 303.01, Maui County, Hawaii","894","154","740",
"1500000US150090303014","Block Group 4, Census Tract 303.01, Maui County, Hawaii","783","70","713",
"1500000US150090303031","Block Group 1, Census Tract 303.03, Maui County, Hawaii","1117","146","971",
"1500000US150090303032","Block Group 2, Census Tract 303.03, Maui County, Hawaii","224","48","176",
"1500000US150090303033","Block Group 3, Census Tract 303.03, Maui County, Hawaii","271","49","222",
"1500000US150090304021","Block Group 1, Census Tract 304.02, Maui County, Hawaii","1001","37","964",
"1500000US150090304022","Block Group 2, Census Tract 304.02, Maui County, Hawaii","820","77","743",
"1500000US150090304023","Block Group 3, Census Tract 304.02, Maui County, Hawaii","807","42","765",
"1500000US150090304024","Block Group 4, Census Tract 304.02, Maui County, Hawaii","2057","144","1913",
"1500000US150090304031","Block Group 1, Census Tract 304.03, Maui County, Hawaii","458","59","399",
"1500000US150090304032","Block Group 2, Census Tract 304.03, Maui County, Hawaii","1427","169","1258",
"1500000US150090304041","Block Group 1, Census Tract 304.04, Maui County, Hawaii","682","96","586",
"1500000US150090304042","Block Group 2, Census Tract 304.04, Maui County, Hawaii","794","157","637",
"1500000US150090304043","Block Group 3, Census Tract 304.04, Maui County, Hawaii","1322","103","1219",
"1500000US150090305011","Block Group 1, Census Tract 305.01, Maui County, Hawaii","1260","109","1151",
"1500000US150090305012","Block Group 2, Census Tract 305.01, Maui County, Hawaii","241","22","219",
"1500000US150090307051","Block Group 1, Census Tract 307.05, Maui County, Hawaii","625","77","548",
"1500000US150090307052","Block Group 2, Census Tract 307.05, Maui County, Hawaii","1504","353","1151",
"1500000US150090307061","Block Group 1, Census Tract 307.06, Maui County, Hawaii","1667","190","1477",
"1500000US150090307062","Block Group 2, Census Tract 307.06, Maui County, Hawaii","0","0","0",
"1500000US150090307071","Block Group 1, Census Tract 307.07, Maui County, Hawaii","1574","211","1363",
"1500000US150090307072","Block Group 2, Census Tract 307.07, Maui County, Hawaii","492","0","492",
"1500000US150090307073","Block Group 3, Census Tract 307.07, Maui County, Hawaii","1674","193","1481",
"1500000US150090307074","Block Group 4, Census Tract 307.07, Maui County, Hawaii","1097","45","1052",
"1500000US150090307081","Block Group 1, Census Tract 307.08, Maui County, Hawaii","1284","235","1049",
"1500000US150090307082","Block Group 2, Census Tract 307.08, Maui County, Hawaii","396","27","369",
"1500000US150090307091","Block Group 1, Census Tract 307.09, Maui County, Hawaii","524","54","470",
"1500000US150090307092","Block Group 2, Census Tract 307.09, Maui County, Hawaii","732","64","668",
"1500000US150090307093","Block Group 3, Census Tract 307.09, Maui County, Hawaii","360","151","209",
"1500000US150090307101","Block Group 1, Census Tract 307.10, Maui County, Hawaii","678","37","641",
"1500000US150090307102","Block Group 2, Census Tract 307.10, Maui County, Hawaii","325","4","321",
"1500000US150090308001","Block Group 1, Census Tract 308, Maui County, Hawaii","1842","271","1571",
"1500000US150090308002","Block Group 2, Census Tract 308, Maui County, Hawaii","2154","270","1884",
"1500000US150090309011","Block Group 1, Census Tract 309.01, Maui County, Hawaii","124","0","124",
"1500000US150090309012","Block Group 2, Census Tract 309.01, Maui County, Hawaii","506","137","369",
"1500000US150090309013","Block Group 3, Census Tract 309.01, Maui County, Hawaii","494","78","416",
"1500000US150090309021","Block Group 1, Census Tract 309.02, Maui County, Hawaii","1434","77","1357",
"1500000US150090309022","Block Group 2, Census Tract 309.02, Maui County, Hawaii","581","8","573",
"1500000US150090309031","Block Group 1, Census Tract 309.03, Maui County, Hawaii","246","145","101",
"1500000US150090309032","Block Group 2, Census Tract 309.03, Maui County, Hawaii","1620","266","1354",
"1500000US150090309033","Block Group 3, Census Tract 309.03, Maui County, Hawaii","1002","63","939",
"1500000US150090309034","Block Group 4, Census Tract 309.03, Maui County, Hawaii","785","23","762",
"1500000US150090310001","Block Group 1, Census Tract 310, Maui County, Hawaii","2834","409","2425",
"1500000US150090310002","Block Group 2, Census Tract 310, Maui County, Hawaii","685","14","671",
"1500000US150090310003","Block Group 3, Census Tract 310, Maui County, Hawaii","783","52","731",
"1500000US150090310004","Block Group 4, Census Tract 310, Maui County, Hawaii","324","52","272",
"1500000US150090311011","Block Group 1, Census Tract 311.01, Maui County, Hawaii","554","22","532",
"1500000US150090311012","Block Group 2, Census Tract 311.01, Maui County, Hawaii","1864","303","1561",
"1500000US150090311013","Block Group 3, Census Tract 311.01, Maui County, Hawaii","682","65","617",
"1500000US150090311014","Block Group 4, Census Tract 311.01, Maui County, Hawaii","1017","119","898",
"1500000US150090311021","Block Group 1, Census Tract 311.02, Maui County, Hawaii","479","79","400",
"1500000US150090311022","Block Group 2, Census Tract 311.02, Maui County, Hawaii","1650","99","1551",
"1500000US150090311023","Block Group 3, Census Tract 311.02, Maui County, Hawaii","759","254","505",
"1500000US150090311031","Block Group 1, Census Tract 311.03, Maui County, Hawaii","562","137","425",
"1500000US150090311032","Block Group 2, Census Tract 311.03, Maui County, Hawaii","904","135","769",
"1500000US150090311033","Block Group 3, Census Tract 311.03, Maui County, Hawaii","2609","225","2384",
"1500000US150090311034","Block Group 4, Census Tract 311.03, Maui County, Hawaii","776","257","519",
"1500000US150090314021","Block Group 1, Census Tract 314.02, Maui County, Hawaii","670","68","602",
"1500000US150090314022","Block Group 2, Census Tract 314.02, Maui County, Hawaii","1062","165","897",
"1500000US150090314041","Block Group 1, Census Tract 314.04, Maui County, Hawaii","362","25","337",
"1500000US150090314042","Block Group 2, Census Tract 314.04, Maui County, Hawaii","1176","218","958",
"1500000US150090314043","Block Group 3, Census Tract 314.04, Maui County, Hawaii","539","49","490",
"1500000US150090314051","Block Group 1, Census Tract 314.05, Maui County, Hawaii","612","151","461",
"1500000US150090314052","Block Group 2, Census Tract 314.05, Maui County, Hawaii","1148","54","1094",
"1500000US150090314053","Block Group 3, Census Tract 314.05, Maui County, Hawaii","528","164","364",
"1500000US150090314054","Block Group 4, Census Tract 314.05, Maui County, Hawaii","1127","349","778",
"1500000US150090315011","Block Group 1, Census Tract 315.01, Maui County, Hawaii","627","73","554",
"1500000US150090315012","Block Group 2, Census Tract 315.01, Maui County, Hawaii","659","23","636",
"1500000US150090315021","Block Group 1, Census Tract 315.02, Maui County, Hawaii","143","35","108",
"1500000US150090315022","Block Group 2, Census Tract 315.02, Maui County, Hawaii","1906","212","1694",
"1500000US150090315023","Block Group 3, Census Tract 315.02, Maui County, Hawaii","947","79","868",
"1500000US150090315031","Block Group 1, Census Tract 315.03, Maui County, Hawaii","405","26","379",
"1500000US150090315032","Block Group 2, Census Tract 315.03, Maui County, Hawaii","681","28","653",
"1500000US150090316011","Block Group 1, Census Tract 316.01, Maui County, Hawaii","1111","5","1106",
"1500000US150090316012","Block Group 2, Census Tract 316.01, Maui County, Hawaii","428","3","425",
"1500000US150090317001","Block Group 1, Census Tract 317, Maui County, Hawaii","265","0","265",
"1500000US150090317002","Block Group 2, Census Tract 317, Maui County, Hawaii","348","19","329",
"1500000US150090317003","Block Group 3, Census Tract 317, Maui County, Hawaii","68","2","66",
"1500000US150090317004","Block Group 4, Census Tract 317, Maui County, Hawaii","726","27","699",
"1500000US150090317005","Block Group 5, Census Tract 317, Maui County, Hawaii","400","25","375",
"1500000US150090318011","Block Group 1, Census Tract 318.01, Maui County, Hawaii","368","18","350",
"1500000US150090318012","Block Group 2, Census Tract 318.01, Maui County, Hawaii","637","30","607",
"1500000US150090319001","Block Group 1, Census Tract 319, Maui County, Hawaii","134","10","124",
"1500000US150090319002","Block Group 2, Census Tract 319, Maui County, Hawaii","1115","256","859",
"1500000US150090319003","Block Group 3, Census Tract 319, Maui County, Hawaii","707","123","584",
"1500000US150090319004","Block Group 4, Census Tract 319, Maui County, Hawaii","871","39","832",
"1500000US150090320001","Block Group 1, Census Tract 320, Maui County, Hawaii","103","6","97",
"1500000US150090320002","Block Group 2, Census Tract 320, Maui County, Hawaii","431","16","415",
"1500000US150099800001","Block Group 1, Census Tract 9800, Maui County, Hawaii","0","0","0",
"1500000US150099900000","Block Group 0, Census Tract 9900, Maui County, Hawaii","0","0","0",
"1500000US150099902000","Block Group 0, Census Tract 9902, Maui County, Hawaii","0","0","0",
"1500000US150099912000","Block Group 0, Census Tract 9912, Maui County, Hawaii","0","0","0",
